District;Zona
aclimacao;zona central
agua branca;zona oeste
alphaville;zona oeste
alto da mooca;zona central
barra funda;zona central
bela vista;zona central
belenzinho;zona leste
bras;zona central
brooklin;zona sul
butanta;zona oeste
cambuci;zona sul
campo belo;zona sul
campos eliseos;zona central
casa verde;zona norte
centro;zona central
centro historico de sao paulo;zona central
cerqueira cesar;zona oeste
chacara inglesa;zona sul
cidade moncoes;zona sul
consolacao;zona central
indianopolis;zona sul
ipiranga;zona sul
itaim bibi;zona sul
jabaquara;zona sul
jardim ampliacao;zona sul
jardim leonor;zona oeste
jardim oriental;zona sul
jardim paulista;zona sul
jardim taboao;zona oeste
jardim vila formosa;zona leste
lapa;zona oeste
lauzane paulista;zona norte
liberdade;zona central
mirandopolis;zona sul
moema;zona sul
mooca;zona leste
paraiso;zona sul
parque da mooca;zona leste
parque jabaquara;zona sul
penha de franca;zona leste
perdizes;zona oeste
pinheiros;zona oeste
planalto paulista;zona sul
republica;zona central
santa cecilia;zona central
santa efigenia;zona central
santana;zona norte
santo amaro;zona sul
se;zona central
sumarezinho;zona oeste
tambore;zona oeste
tatuape;zona leste
tucuruvi;zona norte
vila alpina;zona leste
vila andrade;zona sul
vila bertioga;zona leste
vila buarque;zona central
vila carrao;zona leste
vila clementino;zona sul
vila congonhas;zona sul
vila da saude;zona sul
vila ema;zona leste
vila formosa;zona leste
vila guarani (zona sul);zona sul
vila guilherme;zona norte
vila leopoldina;zona oeste
vila madalena;zona oeste
vila mariana;zona sul
vila mascote;zona sul
vila matilde;zona leste
vila nova conceicao;zona sul
vila olimpia;zona sul
vila parque jabaquara;zona sul
vila pompeia;zona oeste
vila prudente;zona leste
vila regente feijo;zona leste
vila romana;zona oeste
vila santa catarina;zona norte
vila sonia;zona sul
vila suzana;zona oeste
